filename,defect,normal
photo_21_2025-05-11_16-47-44_jpg.rf.b213bd002ebefa27ce3ae67497d717f3.jpg,1,0
photo_8_2025-05-11_16-47-44_jpg.rf.4c702b6f87558328b04e062366751743.jpg,0,1
photo_64_2025-05-11_16-47-44_jpg.rf.7ee3d8330e3dfa465610da49c7311cbf.jpg,1,0
photo_26_2025-05-11_16-47-44_jpg.rf.1559944b993f2a9e563330531499d74a.jpg,1,0
photo_57_2025-05-11_16-47-44_jpg.rf.bc62621f343b67415e1a03bbe961fc4c.jpg,0,1
photo_41_2025-05-11_16-47-44_jpg.rf.76e5f8b76283e130878d67530a8a5e84.jpg,1,0
photo_17_2025-05-11_16-47-44_jpg.rf.8399a825f90f39c7da39ebcd3fc45fad.jpg,1,0
photo_53_2025-05-11_16-47-44_jpg.rf.803a9c362b189dd53daecffdd5cf77a4.jpg,0,1
photo_37_2025-05-11_16-47-44_jpg.rf.99c8d7bba284a3f8dcebab9ef6e372ac.jpg,1,0
photo_1_2025-05-11_16-47-44_jpg.rf.93322ac93434c14538f981cc7f1c057f.jpg,0,1
photo_48_2025-05-11_16-47-44_jpg.rf.aa697f8a98c552cb3948ad533ddc56f3.jpg,1,0
photo_52_2025-05-11_16-47-44_jpg.rf.63ec660900e0c8cb17514afd399216ca.jpg,0,1
photo_18_2025-05-11_16-47-44_jpg.rf.531fc48f3d9b39153e02dd08d7ec8787.jpg,1,0
photo_30_2025-05-11_16-47-44_jpg.rf.117a7952f39ebb610fda09e3291a0606.jpg,1,0
photo_36_2025-05-11_16-47-44_jpg.rf.66fcb0c45ea4d26d7974c16c0b4ddb79.jpg,1,0
photo_11_2025-05-11_16-47-44_jpg.rf.82b1fd9549f19b51a480770595b2b796.jpg,1,0
photo_22_2025-05-11_16-47-44_jpg.rf.2b2e7cbd7ac7a35d25bf47eb388ef5f7.jpg,1,0
photo_16_2025-05-11_16-47-44_jpg.rf.7135fb7f01ebd9cb69f9b98a1df60e5e.jpg,1,0
photo_44_2025-05-11_16-47-44_jpg.rf.b1b97801efcae1af595b56f1d082b779.jpg,1,0
photo_49_2025-05-11_16-47-44_jpg.rf.8fd9ea8bbe87963428b2398be88fdfb3.jpg,0,1
photo_61_2025-05-11_16-47-44_jpg.rf.abffa48c8ce242db2fd981660c0118d2.jpg,1,0
photo_59_2025-05-11_16-47-44_jpg.rf.d529ffcb93d79ad5fe7dbb344a233603.jpg,0,1
photo_58_2025-05-11_16-47-44_jpg.rf.6712a8a9c4eeec19b49cf51cf51c0fe5.jpg,0,1
photo_28_2025-05-11_16-47-44_jpg.rf.c71197b25d5be48880d4ad4dd37f063f.jpg,1,0
photo_6_2025-05-11_16-47-44_jpg.rf.a2a15c48ede170b44a78cedb6143a21c.jpg,0,1
photo_7_2025-05-11_16-47-44_jpg.rf.b8b7d96530e99921772cf37e16e66cdb.jpg,0,1
photo_20_2025-05-11_16-47-44_jpg.rf.65de0a989191dfaf52eef5895e3f09d9.jpg,1,0
photo_23_2025-05-11_16-47-44_jpg.rf.38e1dfe76b2d1fd638df0b6f0f2c7ccb.jpg,1,0
photo_60_2025-05-11_16-47-44_jpg.rf.4bc3114f9b9333de4ce494a226c348a9.jpg,0,1
photo_50_2025-05-11_16-47-44_jpg.rf.a56402f7490f2e7db99ad1986591cf50.jpg,0,1
photo_54_2025-05-11_16-47-44_jpg.rf.d9e13d75081fdb8150362a730b9ce6b4.jpg,1,0
photo_2_2025-05-11_16-47-44_jpg.rf.e43a0fabace234b10203763248c16f46.jpg,0,1
photo_55_2025-05-11_16-47-44_jpg.rf.f5557aaa235d210e03e9e4001d4012c0.jpg,0,1
photo_45_2025-05-11_16-47-44_jpg.rf.fe095eff89ddfd466ea147a43a505ace.jpg,0,1
photo_25_2025-05-11_16-47-44_jpg.rf.eb69684fe455d4812dbe44ab650d900b.jpg,1,0
photo_62_2025-05-11_16-47-44_jpg.rf.dba345b11f0a162f3fece96492fa06f0.jpg,1,0
photo_24_2025-05-11_16-47-44_jpg.rf.8ea50cb8b88b2b5fa25c75251406a585.jpg,1,0
photo_63_2025-05-11_16-47-44_jpg.rf.3261a777b292f40e90dafd7487fa02ff.jpg,1,0
photo_42_2025-05-11_16-47-44_jpg.rf.9f45c3d2f7e4f21145a08aaff0568c94.jpg,1,0
photo_9_2025-05-11_16-47-44_jpg.rf.87a3c937c70f88195c1b25cfb7a3ed3d.jpg,0,1
photo_40_2025-05-11_16-47-44_jpg.rf.1c0ab7af93d6aa8cebf1fb1cab504d31.jpg,1,0
photo_10_2025-05-11_16-47-44_jpg.rf.8a2f69164852614d8562cabfb474384a.jpg,0,1
photo_14_2025-05-11_16-47-44_jpg.rf.76adf58f95f0110e022d61139d9c8e43.jpg,1,0
photo_5_2025-05-11_16-47-44_jpg.rf.546329ea13833868cb989db962381522.jpg,0,1