filename,defect,normal
photo_5_2025-05-11_16-47-44_jpg.rf.5d107c87930916cc5e8870d1c25b89b3.jpg,0,1
photo_62_2025-05-11_16-47-44_jpg.rf.ff0b82f61ac162c580a91f5fe37b0da0.jpg,1,0
photo_14_2025-05-11_16-47-44_jpg.rf.30fc9f89dcd7d542d014ef4a7407c994.jpg,1,0
photo_57_2025-05-11_16-47-44_jpg.rf.f2ce2cb6848354cde81fac2d81f92fd7.jpg,0,1
photo_57_2025-05-11_16-47-44_jpg.rf.72cff6ddb99d53e4e0b348396da72421.jpg,0,1
photo_63_2025-05-11_16-47-44_jpg.rf.bf2059af78329ca48063ff47291dc426.jpg,1,0
photo_42_2025-05-11_16-47-44_jpg.rf.cb62ee1940b5b2432b0f4c255ba1058f.jpg,1,0
photo_40_2025-05-11_16-47-44_jpg.rf.531b64d590d4f09ec4cd2da5e73ede7b.jpg,1,0
photo_22_2025-05-11_16-47-44_jpg.rf.4c0f8a1f08404ce3635d549e3453f82b.jpg,1,0
photo_17_2025-05-11_16-47-44_jpg.rf.763152f1cd1aaee76cd4399193f9f27b.jpg,1,0
photo_50_2025-05-11_16-47-44_jpg.rf.abccb76617fb87c6a0e232db3d250571.jpg,0,1
photo_52_2025-05-11_16-47-44_jpg.rf.32032e6508c743097c647bb4bd43b629.jpg,0,1
photo_21_2025-05-11_16-47-44_jpg.rf.f3d22c44bd25588eddb8be60547ea44d.jpg,1,0
photo_10_2025-05-11_16-47-44_jpg.rf.485480f12a4137901489ecce356bf5ae.jpg,0,1
photo_17_2025-05-11_16-47-44_jpg.rf.83d382e6798c4a62863c83e2b44bbaa0.jpg,1,0
photo_61_2025-05-11_16-47-44_jpg.rf.d029a079303ec18d2782ab24b4b3e7e5.jpg,1,0
photo_1_2025-05-11_16-47-44_jpg.rf.c28563fb8769ebfcdd8ef5ee2b7e006e.jpg,0,1
photo_23_2025-05-11_16-47-44_jpg.rf.93f22ffa4281dd107f4b96e59dc92d79.jpg,1,0
photo_64_2025-05-11_16-47-44_jpg.rf.f8ef21b7f162766095d3c058a63edb7a.jpg,1,0
photo_37_2025-05-11_16-47-44_jpg.rf.bced61bc66113d9d3fdf4ccf85e60fe6.jpg,1,0
photo_16_2025-05-11_16-47-44_jpg.rf.56b313a0a8fd4cde354ab534da53d252.jpg,1,0
photo_25_2025-05-11_16-47-44_jpg.rf.d51bc9af23ae39556a8f46fba9f36959.jpg,1,0
photo_30_2025-05-11_16-47-44_jpg.rf.0ae40eae4e45a617bd25d5a3c5f02008.jpg,1,0
photo_41_2025-05-11_16-47-44_jpg.rf.c347f24f380adaf5c146d7897fd6a17e.jpg,1,0
photo_8_2025-05-11_16-47-44_jpg.rf.2654e6547ce0dc6f8efed4073b807f26.jpg,0,1
photo_26_2025-05-11_16-47-44_jpg.rf.d9a1202a3efd8bc45d72bc830c3b0e8c.jpg,1,0
photo_22_2025-05-11_16-47-44_jpg.rf.b89af268a635b638b3e567ec089f6295.jpg,1,0
photo_18_2025-05-11_16-47-44_jpg.rf.66281dcfc84083fff7368bc1c8ced780.jpg,1,0
photo_9_2025-05-11_16-47-44_jpg.rf.ba5a45f19f85c8f9b28eacddcd178f95.jpg,0,1
photo_60_2025-05-11_16-47-44_jpg.rf.13c123fc5af5c6d06a7bc5b253876fc5.jpg,0,1
photo_59_2025-05-11_16-47-44_jpg.rf.3670d592e97aac2d6952ce116a89b0f5.jpg,0,1
photo_36_2025-05-11_16-47-44_jpg.rf.b71caf64ff8b6bbf44af7f6493911994.jpg,1,0
photo_8_2025-05-11_16-47-44_jpg.rf.22bdcce642bbd008a0ade80a301d3701.jpg,0,1
photo_41_2025-05-11_16-47-44_jpg.rf.f04b4639363c3620fa7a8abb8818a4ed.jpg,1,0
photo_37_2025-05-11_16-47-44_jpg.rf.a7d68f5d6dc888b171754c2e9f97f8eb.jpg,1,0
photo_49_2025-05-11_16-47-44_jpg.rf.2eff275027e6824f99e333dbceba8f06.jpg,0,1
photo_53_2025-05-11_16-47-44_jpg.rf.577da454ed2a9576ae8c12eb90479745.jpg,0,1
photo_21_2025-05-11_16-47-44_jpg.rf.c095ca941cffe889eb4ff1773b1a8ae1.jpg,1,0
photo_6_2025-05-11_16-47-44_jpg.rf.7dd3f8d4b92700560de39a85d86355b3.jpg,0,1
photo_64_2025-05-11_16-47-44_jpg.rf.ede9cba1f4a9133b28e962d62837f103.jpg,1,0
photo_44_2025-05-11_16-47-44_jpg.rf.ff193aaf86ec79967cc00231cc36753c.jpg,1,0
photo_50_2025-05-11_16-47-44_jpg.rf.a2233d6c44791089a512ebe7e6226a19.jpg,0,1
photo_55_2025-05-11_16-47-44_jpg.rf.c692d274c94ff4188f57b3cf628ae090.jpg,0,1
photo_23_2025-05-11_16-47-44_jpg.rf.85b6542e032e9b337349c7975df912c5.jpg,1,0
photo_48_2025-05-11_16-47-44_jpg.rf.7eb8eb8bb1b700475862a8d28b434d70.jpg,1,0
photo_30_2025-05-11_16-47-44_jpg.rf.75dd9ebf1cf4ba65a9678cefa0b56cc2.jpg,1,0
photo_60_2025-05-11_16-47-44_jpg.rf.097c58025f284dbd23bea187338e69b9.jpg,0,1
photo_7_2025-05-11_16-47-44_jpg.rf.46aa1d77a0cea58059c09e08d41c3fb9.jpg,0,1
photo_52_2025-05-11_16-47-44_jpg.rf.05e1682905f6fef3a24d786c14eaa224.jpg,0,1
photo_28_2025-05-11_16-47-44_jpg.rf.676289ca78e44fabb8f935656444df5c.jpg,1,0
photo_25_2025-05-11_16-47-44_jpg.rf.9cbb2715a5a7712afe4f4dbe159fff25.jpg,1,0
photo_16_2025-05-11_16-47-44_jpg.rf.ecbbb022e112e1c5816c5605380d5d42.jpg,1,0
photo_11_2025-05-11_16-47-44_jpg.rf.114456c5f18b5342e1d9d84b001f119d.jpg,1,0
photo_36_2025-05-11_16-47-44_jpg.rf.c9a4d600702122d0487ef7e3d578cfb9.jpg,1,0
photo_45_2025-05-11_16-47-44_jpg.rf.8a0ec8713f8e5514a0495711879b4b0b.jpg,0,1
photo_26_2025-05-11_16-47-44_jpg.rf.3ac0368df00098ae0e240d54dd976a5e.jpg,1,0
photo_62_2025-05-11_16-47-44_jpg.rf.aac63215af19514e42a1ce764ccc08e5.jpg,1,0
photo_58_2025-05-11_16-47-44_jpg.rf.66fcd92b9c96b86e22429d15776068a5.jpg,0,1
photo_10_2025-05-11_16-47-44_jpg.rf.7d0dc7fe135c164a3ebc985e2946604b.jpg,0,1
photo_61_2025-05-11_16-47-44_jpg.rf.c41dd7251f8a1fb80ab9ac1cb2c9fcd1.jpg,1,0
photo_54_2025-05-11_16-47-44_jpg.rf.1c0283a48ecd75a698a4d7521a8dccb6.jpg,1,0
photo_20_2025-05-11_16-47-44_jpg.rf.53382e9df79cca545f02fe844311c2a2.jpg,1,0
photo_40_2025-05-11_16-47-44_jpg.rf.93b97100b3260d1a079262422915f5c4.jpg,1,0
photo_59_2025-05-11_16-47-44_jpg.rf.8c145aaddc584a14ed1a3035f216bf51.jpg,0,1
photo_24_2025-05-11_16-47-44_jpg.rf.d8a4228d54b123be8b5d17ba5a9700aa.jpg,1,0
photo_2_2025-05-11_16-47-44_jpg.rf.a08cbf6c23125628e783c4f70855c4ee.jpg,0,1
photo_53_2025-05-11_16-47-44_jpg.rf.93f1008bdaf83e4e545d2451a7824cd9.jpg,0,1
photo_5_2025-05-11_16-47-44_jpg.rf.7fe132306d2f3eb9de69c07fadf8d692.jpg,0,1
photo_14_2025-05-11_16-47-44_jpg.rf.300e5f11c1b9d5618d904cd955fb3a73.jpg,1,0
photo_57_2025-05-11_16-47-44_jpg.rf.bc62621f343b67415e1a03bbe961fc4c.jpg,0,1
photo_37_2025-05-11_16-47-44_jpg.rf.99c8d7bba284a3f8dcebab9ef6e372ac.jpg,1,0
photo_9_2025-05-11_16-47-44_jpg.rf.c2111709169704bb291c35e3693f9414.jpg,0,1
photo_1_2025-05-11_16-47-44_jpg.rf.7171d1365bd14d469874d4acf0e186c0.jpg,0,1
photo_6_2025-05-11_16-47-44_jpg.rf.b79c16e98fb897e5af65fe01a26f7b09.jpg,0,1
photo_49_2025-05-11_16-47-44_jpg.rf.7f580cce442e92bae83f6279fd29f0c4.jpg,0,1
photo_41_2025-05-11_16-47-44_jpg.rf.76e5f8b76283e130878d67530a8a5e84.jpg,1,0
photo_42_2025-05-11_16-47-44_jpg.rf.f3deda774a97494a1267b387341e360a.jpg,1,0
photo_50_2025-05-11_16-47-44_jpg.rf.a56402f7490f2e7db99ad1986591cf50.jpg,0,1
photo_48_2025-05-11_16-47-44_jpg.rf.1fc3eb6a2f72887ed5b8ff2277eb0b90.jpg,1,0
photo_64_2025-05-11_16-47-44_jpg.rf.7ee3d8330e3dfa465610da49c7311cbf.jpg,1,0
photo_1_2025-05-11_16-47-44_jpg.rf.93322ac93434c14538f981cc7f1c057f.jpg,0,1
photo_23_2025-05-11_16-47-44_jpg.rf.38e1dfe76b2d1fd638df0b6f0f2c7ccb.jpg,1,0
photo_17_2025-05-11_16-47-44_jpg.rf.8399a825f90f39c7da39ebcd3fc45fad.jpg,1,0
photo_22_2025-05-11_16-47-44_jpg.rf.2b2e7cbd7ac7a35d25bf47eb388ef5f7.jpg,1,0
photo_11_2025-05-11_16-47-44_jpg.rf.f580f051c23f3d593316c5379007e129.jpg,1,0
photo_8_2025-05-11_16-47-44_jpg.rf.4c702b6f87558328b04e062366751743.jpg,0,1
photo_21_2025-05-11_16-47-44_jpg.rf.b213bd002ebefa27ce3ae67497d717f3.jpg,1,0
photo_63_2025-05-11_16-47-44_jpg.rf.e39414868f6c018b95684bd62973e8d6.jpg,1,0
photo_61_2025-05-11_16-47-44_jpg.rf.abffa48c8ce242db2fd981660c0118d2.jpg,1,0
photo_55_2025-05-11_16-47-44_jpg.rf.ccb454864a679a26bc5fbc7a07723ac9.jpg,0,1
photo_30_2025-05-11_16-47-44_jpg.rf.117a7952f39ebb610fda09e3291a0606.jpg,1,0
photo_28_2025-05-11_16-47-44_jpg.rf.98c2b2a4397962f03b7ee95f8532523d.jpg,1,0
photo_44_2025-05-11_16-47-44_jpg.rf.6d978c2e706519469220ef00d96beab8.jpg,1,0
photo_7_2025-05-11_16-47-44_jpg.rf.a3727ef3847a4c9e3b9807105c537822.jpg,0,1
photo_26_2025-05-11_16-47-44_jpg.rf.1559944b993f2a9e563330531499d74a.jpg,1,0
photo_36_2025-05-11_16-47-44_jpg.rf.66fcb0c45ea4d26d7974c16c0b4ddb79.jpg,1,0
photo_52_2025-05-11_16-47-44_jpg.rf.63ec660900e0c8cb17514afd399216ca.jpg,0,1
photo_59_2025-05-11_16-47-44_jpg.rf.d529ffcb93d79ad5fe7dbb344a233603.jpg,0,1
photo_60_2025-05-11_16-47-44_jpg.rf.4bc3114f9b9333de4ce494a226c348a9.jpg,0,1
photo_18_2025-05-11_16-47-44_jpg.rf.531fc48f3d9b39153e02dd08d7ec8787.jpg,1,0
photo_16_2025-05-11_16-47-44_jpg.rf.7135fb7f01ebd9cb69f9b98a1df60e5e.jpg,1,0
photo_25_2025-05-11_16-47-44_jpg.rf.eb69684fe455d4812dbe44ab650d900b.jpg,1,0
photo_6_2025-05-11_16-47-44_jpg.rf.a2a15c48ede170b44a78cedb6143a21c.jpg,0,1
photo_20_2025-05-11_16-47-44_jpg.rf.bf746547fd3183ea1acb01870669e1c5.jpg,1,0
photo_2_2025-05-11_16-47-44_jpg.rf.ab3389ad634c742ffb690391e3117a60.jpg,0,1
photo_58_2025-05-11_16-47-44_jpg.rf.084722dd7648d57131192cc82b92cf7a.jpg,0,1
photo_44_2025-05-11_16-47-44_jpg.rf.b1b97801efcae1af595b56f1d082b779.jpg,1,0
photo_49_2025-05-11_16-47-44_jpg.rf.8fd9ea8bbe87963428b2398be88fdfb3.jpg,0,1
photo_28_2025-05-11_16-47-44_jpg.rf.c71197b25d5be48880d4ad4dd37f063f.jpg,1,0
photo_53_2025-05-11_16-47-44_jpg.rf.803a9c362b189dd53daecffdd5cf77a4.jpg,0,1
photo_24_2025-05-11_16-47-44_jpg.rf.f3a39276a43529cc158ea9190aaaec27.jpg,1,0
photo_48_2025-05-11_16-47-44_jpg.rf.aa697f8a98c552cb3948ad533ddc56f3.jpg,1,0
photo_54_2025-05-11_16-47-44_jpg.rf.fee30eae6879c7dcefdba08d3456d6c9.jpg,1,0
photo_20_2025-05-11_16-47-44_jpg.rf.65de0a989191dfaf52eef5895e3f09d9.jpg,1,0
photo_54_2025-05-11_16-47-44_jpg.rf.d9e13d75081fdb8150362a730b9ce6b4.jpg,1,0
photo_55_2025-05-11_16-47-44_jpg.rf.f5557aaa235d210e03e9e4001d4012c0.jpg,0,1
photo_24_2025-05-11_16-47-44_jpg.rf.8ea50cb8b88b2b5fa25c75251406a585.jpg,1,0
photo_7_2025-05-11_16-47-44_jpg.rf.b8b7d96530e99921772cf37e16e66cdb.jpg,0,1
photo_40_2025-05-11_16-47-44_jpg.rf.1c0ab7af93d6aa8cebf1fb1cab504d31.jpg,1,0
photo_62_2025-05-11_16-47-44_jpg.rf.dba345b11f0a162f3fece96492fa06f0.jpg,1,0
photo_45_2025-05-11_16-47-44_jpg.rf.a2d6e3538cf3e4533694edd3a17df75b.jpg,0,1
photo_45_2025-05-11_16-47-44_jpg.rf.fe095eff89ddfd466ea147a43a505ace.jpg,0,1
photo_14_2025-05-11_16-47-44_jpg.rf.76adf58f95f0110e022d61139d9c8e43.jpg,1,0
photo_42_2025-05-11_16-47-44_jpg.rf.9f45c3d2f7e4f21145a08aaff0568c94.jpg,1,0
photo_10_2025-05-11_16-47-44_jpg.rf.8a2f69164852614d8562cabfb474384a.jpg,0,1
photo_9_2025-05-11_16-47-44_jpg.rf.87a3c937c70f88195c1b25cfb7a3ed3d.jpg,0,1
photo_2_2025-05-11_16-47-44_jpg.rf.e43a0fabace234b10203763248c16f46.jpg,0,1
photo_5_2025-05-11_16-47-44_jpg.rf.546329ea13833868cb989db962381522.jpg,0,1
photo_63_2025-05-11_16-47-44_jpg.rf.3261a777b292f40e90dafd7487fa02ff.jpg,1,0
photo_58_2025-05-11_16-47-44_jpg.rf.6712a8a9c4eeec19b49cf51cf51c0fe5.jpg,0,1
photo_18_2025-05-11_16-47-44_jpg.rf.25992a079aaf8ab5da9b2ad770c682a1.jpg,1,0
photo_11_2025-05-11_16-47-44_jpg.rf.82b1fd9549f19b51a480770595b2b796.jpg,1,0